row,product_type,brand,product_name,label,group_id,url,spec
1091,정수기,삼성전자,삼성전자 비스포크 AI RWP70F15ANW (자가관리),washing,grp_d6b2bc8c27a72ad1,https://prod.danawa.com/info/?pcode=97567715,○ 1L ○ 직수관재질 스테인리스 편의 스마트폰제어 ○ 필터교환알림 ○ 음성인식 ○ 음성안내 ○ 잠금 ○ 슬림정수기 ○ 인버터형 ○ 정수기살균/세척 잔수비움 ○ 직수관살균 ○ 분리세척
1092,정수기,삼성전자,삼성전자 비스포크 AI RWP70F15ANB (자가관리),washing,grp_d6b2bc8c27a72ad1,https://prod.danawa.com/info/?pcode=97567778,○ 1L ○ 직수관재질 스테인리스 편의 스마트폰제어 ○ 필터교환알림 ○ 음성인식 ○ 음성안내 ○ 잠금 ○ 슬림정수기 ○ 인버터형 ○ 정수기살균/세척 잔수비움 ○ 직수관살균 ○ 분리세척
1093,정수기,삼성전자,삼성전자 비스포크 AI RWP70F15ANC (자가관리),washing,grp_d6b2bc8c27a72ad1,https://prod.danawa.com/info/?pcode=97567820,○ 1L ○ 직수관재질 스테인리스 편의 스마트폰제어 ○ 필터교환알림 ○ 음성인식 ○ 음성안내 ○ 잠금 ○ 슬림정수기 ○ 인버터형 ○ 정수기살균/세척 잔수비움 ○ 직수관살균 ○ 분리세척
1096,청소기,아이닉,아이닉 i50 아이타워 (단품),suspicious,grp_cf27be39622aff2a,https://prod.danawa.com/info/?pcode=71009024,○ 충전 ○ 액세서리수납 ○ 스탠드거치 ○ 먼지봉투 1.5L 청소기능 AI청소 ○ 먼지감지센서 ○ LED라이트 ○ 싸이클론흡입 ○ UV살균 ○ 모터 BLDC모터 필터 헤파필터 헤파필
1101,청소기,샤크닌자,샤크닌자 샤크 에보파워 시스템 NEO 플러스 LC351KRWH,suspicious,grp_4f3c7aae872e838c,https://prod.danawa.com/info/?pcode=49735544,션 먼지비움 ○ 충전 ○ 스탠드거치 ○ 액세서리&배터리거치 ○ 청소기능 AI청소 ○ 먼지감지센서 ○ 모터 BLDC모터 필터 헤파필터 배터리 충전시간 3시간30분 배터리 분리형(2개)
1107,청소기,샤크닌자,샤크닌자 샤크 에보파워 시스템 부스트+ LC701KRBK,suspicious,grp_59721b1eda9d6ba2,https://prod.danawa.com/info/?pcode=98230310,션 먼지비움 ○ 충전 ○ 스탠드거치 ○ 액세서리&배터리거치 ○ 청소기능 AI청소 ○ 먼지감지센서 ○ LED라이트 ○ 필터 워셔블먼지필터 배터리 충전시간 3시간30분 배터리 분리형(2개
1116,청소기,테팔,테팔 엑스포스 9.60 플렉스 TY2069KO,suspicious,grp_af661d7c5950147c,https://prod.danawa.com/info/?pcode=98230886,최대) 스테이션 충전 ○ 스탠드거치 ○ 액세서리&배터리거치 ○ 청소기능 AI청소 ○ 먼지감지센서 ○ LED라이트 ○ 싸이클론흡입 ○ 모터 BLDC모터 필터 워셔블헤파필터 배터리 충전시
1118,청소기,나르왈,나르왈 S30 Pro,suspicious,grp_1410e3c400ad06e2,https://prod.danawa.com/info/?pcode=96650711,"20,000Pa 사용시간 1시간(최대) 스테이션 스탠드거치 ○ 청소기능 AI청소 ○ 먼지감지센서 ○ 배터리 배터리용량 4,000mAh 전압 27V 메인브러쉬 전방향회전 ○ 롤러 ○ 액"
1119,청소기,쿠쿠전자,쿠쿠전자 파워클론 딥 클린 CVC-DEM2540UG,suspicious,grp_5ca0dd1103f2ebf4,https://prod.danawa.com/info/?pcode=96581264,UVC LED ○ 액세서리수납 ○ 스탠드거치 ○ 먼지봉투 3L 청소기능 AI청소 ○ 먼지감지센서 ○ LED라이트 ○ 모터 BLDC모터 필터 워셔블헤파필터 헤파필터등급 H13급 필터단계
1121,청소기,테팔,테팔 엑스포스 9.60 TY-2057KO,suspicious,grp_f076878a193cc888,https://prod.danawa.com/info/?pcode=97843451,최대) 스테이션 충전 ○ 스탠드거치 ○ 액세서리&배터리거치 ○ 청소기능 AI청소 ○ LED라이트 ○ 싸이클론흡입 ○ 모터 BLDC모터 필터 헤파필터 배터리 충전시간 3시간 전압 18.
1125,청소기,에어메이드,에어메이드 스마트타워 엑스 AMC-5501A,suspicious,grp_7c7876d099a43029,https://prod.danawa.com/info/?pcode=92041769,션 먼지비움 ○ 충전 ○ 스탠드거치 ○ 액세서리&배터리거치 ○ 청소기능 AI청소 ○ 먼지감지센서 ○ LED라이트 ○ UV살균 ○ 모터 BLDC모터 필터 헤파필터 헤파필터등급 H13급
1127,청소기,비브르,비브르 다루마 DVC820,suspicious,grp_dce8af8b58cff3c1,https://prod.danawa.com/info/?pcode=96369875,션 먼지비움 ○ 충전 ○ 스탠드거치 ○ 액세서리&배터리거치 ○ 청소기능 AI청소 ○ 먼지감지센서 ○ 모터 BLDC모터 필터 워셔블헤파필터 필터단계 2단계여과 배터리 충전시간 5시간 배
1128,청소기,샤크닌자,샤크닌자 샤크 에보파워 시스템 FIT+ LC150KRBL,suspicious,grp_ee1c38beae8a3c3e,https://prod.danawa.com/info/?pcode=89527184,"간 41분(최대) 스테이션 먼지비움 ○ 충전 ○ 스탠드거치 ○ 청소기능 AI청소 ○ 먼지감지센서 ○ 필터 워셔블먼지필터 배터리 배터리 내장형 배터리종류 리튬이온 배터리용량 3,000m"
1129,청소기,로보락,로보락 H5 (일반구매),suspicious,grp_879a094575fcc0c3,https://prod.danawa.com/info/?pcode=63421265,최대) 스테이션 충전 ○ 벽걸이거치 ○ 액세서리&배터리거치 ○ 청소기능 AI청소 ○ 싸이클론흡입 ○ 모터 BLDC모터 필터 워셔블헤파필터 필터단계 5단계여과 배터리 충전시간 3.5시간
1130,청소기,아이닉,아이닉 i50 AI 디텍트 (단품),suspicious,grp_cf27be39622aff2a,https://prod.danawa.com/info/?pcode=72972953,간 1시간5분(최대) 소비전력 500W 스테이션 벽걸이거치 ○ 청소기능 AI청소 ○ 먼지감지센서 ○ LED라이트 ○ 싸이클론흡입 ○ UV살균 ○ 모터 BLDC모터 필터 헤파필터 헤파필
1134,청소기,다이슨,다이슨 V16 피스톤 애니멀 DS60,suspicious,grp_92d349ce72324fe6,https://prod.danawa.com/info/?pcode=93071342,최대) 스테이션 충전 ○ 스탠드거치 ○ 액세서리&배터리거치 ○ 청소기능 AI청소 ○ 먼지감지센서 ○ 필터 헤파필터 필터단계 5단계여과 배터리 충전시간 4시간30분 배터리 분리형(1개)
1135,청소기,쿠쿠전자,쿠쿠전자 파워클론 딥 클린 CVC-DFFEM2530NW,suspicious,grp_a22545776507a1fe,https://prod.danawa.com/info/?pcode=81751202,UVC LED ○ 액세서리수납 ○ 스탠드거치 ○ 먼지봉투 3L 청소기능 AI청소 ○ 먼지감지센서 ○ LED라이트 ○ 자동물공급 ○ 모터 BLDC모터 필터 헤파필터 헤파필터등급 H13급
1138,청소기,에어르,에어르 슬릭,suspicious,grp_42297f07ac1f9015,https://prod.danawa.com/info/?pcode=96772775,0분(최대) 스테이션 먼지비움 ○ 스탠드거치 ○ 먼지봉투 3L 청소기능 AI청소 ○ 먼지감지센서 ○ LED라이트 ○ 모터 BLDC모터 필터 워셔블헤파필터 헤파필터등급 H13급 배터리
1141,청소기,샤크닌자,샤크닌자 샤크 에보파워 시스템 NEO 플러스 LC350KRWH,suspicious,grp_4f3c7aae872e838c,https://prod.danawa.com/info/?pcode=100692104,션 먼지비움 ○ 충전 ○ 스탠드거치 ○ 액세서리&배터리거치 ○ 청소기능 AI청소 ○ 먼지감지센서 ○ 모터 BLDC모터 필터 헤파필터 배터리 충전시간 3시간50분 배터리 분리형(2개)
1144,청소기,일렉파워전자,일렉파워전자 아토케어 도크 스톰 EP-CVC-DV8211,suspicious,grp_737ab8b9d88df804,https://prod.danawa.com/info/?pcode=74810714,액세서리수납 ○ 스탠드거치 ○ 먼지비움시간 7초 먼지봉투 3L 청소기능 AI청소 ○ 먼지감지센서 ○ LED라이트 ○ 모터 BLDC모터 필터 헤파필터 헤파필터등급 H13급 필터단계 3단
1151,청소기,클래파,클래파 BVC-H38,suspicious,grp_7a2a0230f842f63d,https://prod.danawa.com/info/?pcode=101189195,80W 스테이션 충전 ○ 스탠드거치 ○ 액세서리&배터리거치 ○ 청소기능 AI청소 ○ 먼지감지센서 ○ LED라이트 ○ 모터 BLDC모터 필터 헤파필터 헤파필터등급 H12급 배터리 충전시
1156,청소기,샤크닌자,샤크닌자 샤크 에보파워 시스템 부스트+ LC600KRGY,suspicious,grp_85ad3803bd9a2a9e,https://prod.danawa.com/info/?pcode=98230415,25W 스테이션 충전 ○ 스탠드거치 ○ 액세서리&배터리거치 ○ 청소기능 AI청소 ○ 먼지감지센서 ○ LED라이트 ○ 필터 워셔블먼지필터 배터리 충전시간 3시간30분 배터리 분리형(1개
1157,청소기,테팔,테팔 엑스포스 9.60 TY2058KO,suspicious,grp_94e471ad2c6f4b74,https://prod.danawa.com/info/?pcode=99291668,50W 스테이션 충전 ○ 스탠드거치 ○ 액세서리&배터리거치 ○ 청소기능 AI청소 ○ 먼지감지센서 ○ LED라이트 ○ 싸이클론흡입 ○ 모터 BLDC모터 필터 워셔블먼지필터 필터단계 3단
1160,청소기,로보락,로보락 F25 Ultra (일반구매),suspicious,grp_beaa3078677698a9,https://prod.danawa.com/info/?pcode=98244371,"물걸레(건습식) 사용시간 1시간(최대) 스테이션 스탠드거치 ○ 청소기능 AI청소 ○ 먼지감지센서 ○ LED라이트 ○ 배터리 배터리용량 4,600mAh 메인브러쉬 롤러 ○ 액체흡입 ○"
1164,청소기,비즈포비즈,비즈포비즈 클래파 더 라이트 CVC-S230,suspicious,grp_4be5e708d96761e7,https://prod.danawa.com/info/?pcode=95060078,션 먼지비움 ○ 충전 ○ 스탠드거치 ○ 액세서리&배터리거치 ○ 청소기능 AI청소 ○ 먼지감지센서 ○ LED라이트 ○ 모터 BLDC모터 배터리 충전시간 5시간 배터리 리튬이온 배터리용량
1165,청소기,샤크닌자,샤크닌자 샤크 에보파워 시스템 NEO LC200KR,suspicious,grp_df5d168bffaafbea,https://prod.danawa.com/info/?pcode=49735505,35분(최대) 스테이션 스탠드거치 ○ 액세서리&배터리거치 ○ 청소기능 AI청소 ○ 먼지감지센서 ○ LED라이트 ○ 필터 먼지필터 배터리 충전시간 3시간30분 배터리 분리형(1개) 배
1166,청소기,미닉스,미닉스 더 슬림 MNVC-100G,suspicious,grp_56a384aed8fb5491,https://prod.danawa.com/info/?pcode=96369854,스테이션 먼지비움 ○ 충전 ○ 스탠드거치 ○ 먼지봉투 1.7L 청소기능 AI청소 ○ 먼지감지센서 ○ 모터 BLDC모터 필터 워셔블헤파필터 필터단계 4단계여과 메인브러쉬 일반 ○ 롤러
1168,청소기,홈앤아트,홈앤아트 코지 HAVG-160AW (단품),suspicious,grp_ad7b2af7e28e243f,https://prod.danawa.com/info/?pcode=30300062,25분(최대) 스테이션 벽걸이거치 ○ 액세서리&배터리거치 ○ 청소기능 AI청소 ○ LED라이트 ○ 모터 BLDC모터 필터 헤파필터 필터단계 4단계여과 배터리 배터리 분리형(1개) 배
1173,청소기,샤크닌자,샤크닌자 샤크 에보파워 시스템 NEO 플러스 LC351KRBK,suspicious,grp_467fa9fbc8b96af2,https://prod.danawa.com/info/?pcode=104751446,션 먼지비움 ○ 충전 ○ 스탠드거치 ○ 액세서리&배터리거치 ○ 청소기능 AI청소 ○ 먼지감지센서 ○ 필터 헤파필터 배터리 충전시간 3시간30분 배터리 분리형(2개) 배터리종류 리튬이온
1174,청소기,드리미,드리미 H12S (일반구매),suspicious,grp_c8c7148f0ac4c18f,https://prod.danawa.com/info/?pcode=39916472,"0Pa 사용시간 35분(최대) 스테이션 충전 ○ 스탠드거치 ○ 청소기능 AI청소 ○ 먼지감지센서 ○ 모터 BLDC모터 배터리 배터리용량 4,000mAh 메인브러쉬 액체흡입 ○ 물걸레기"
1176,청소기,샤크닌자,샤크닌자 샤크 파워클린 BU3641KR,suspicious,grp_ad00f4f3a0256950,https://prod.danawa.com/info/?pcode=122715471,"간 45분(최대) 스테이션 먼지비움 ○ 충전 ○ 스탠드거치 ○ 청소기능 AI청소 ○ LED라이트 ○ 싸이클론흡입 ○ 배터리 충전시간 4시간30분 배터리종류 리튬이온 배터리용량 2,35"
1177,청소기,샤크닌자,샤크닌자 샤크 에보파워 시스템 부스트+ LC751KRLV,suspicious,grp_982ca4d8a7a34416,https://prod.danawa.com/info/?pcode=98230349,션 먼지비움 ○ 충전 ○ 스탠드거치 ○ 액세서리&배터리거치 ○ 청소기능 AI청소 ○ 먼지감지센서 ○ LED라이트 ○ 필터 워셔블먼지필터 배터리 충전시간 3시간30분 배터리 분리형(2개
