check_id,priority,대표_row,대표_제품,대표_URL,확인할_것,판정_기준,적용_개수,적용_rows,결과,근거_URL,메모
E01,1차,1050,삼성전자 갤럭시 버즈3 프로 SM-R630N (정품),https://prod.danawa.com/info/?pcode=59537216,"갤럭시 버즈 통역·비서가 폰(Galaxy AI) 연동인지, 버즈 자체의 AI 기능(적응형 ANC·음성 감지 등)이 있는지",P2(연동형) 결정과 함께 판단. 버즈 자체 기능 공식 명시 → genuine,12,984 986 1000 1002 1005 1015 1017 1046 1050 1054 1072 1073,"washing (폰 AI 연동) — 984,1000,1046,1050은 노캔 AI 표기로 별도 대기",,
E02,1차,983,SONY WF-1000XM5 (정품),https://prod.danawa.com/info/?pcode=27250154,소니 1000X 시리즈의 AI 기반 노이즈 리덕션(정밀 보이스 픽업) 공식 표기,공식 페이지에 통화 노이즈 처리가 AI/딥러닝/신경망 기반이라고 명시 → genuine / 일반 ENC·마이크 개수만 → washing / 표기는 AI인데 설명이 모호 → suspicious,5,983 1034 1237 1249 1250,genuine (노캔 AI 일괄),,
E03,1차,1075,SONY 링크버즈 S WF-LS900N (정품),https://prod.danawa.com/info/?pcode=17218223,소니 보급형(링크버즈·C710N·INZONE)에도 같은 AI 통화 처리가 있는지,공식 페이지에 통화 노이즈 처리가 AI/딥러닝/신경망 기반이라고 명시 → genuine / 일반 ENC·마이크 개수만 → washing / 표기는 AI인데 설명이 모호 → suspicious,5,990 998 1067 1074 1075,genuine (노캔 AI 일괄),,
E04,1차,981,APPLE 에어팟 프로3 MFHP4KH/A (정품),https://prod.danawa.com/info/?pcode=97405013,에어팟 적응형 오디오·대화 인식이 기계학습 기반이라고 공식 표기하는지,공식 페이지에 통화 노이즈 처리가 AI/딥러닝/신경망 기반이라고 명시 → genuine / 일반 ENC·마이크 개수만 → washing / 표기는 AI인데 설명이 모호 → suspicious,4,981 1039 1053 1230,"genuine (노캔 AI 일괄, 일부 남음)",,노캔 미해당 남음: 1230
E05,1차,988,ANKER Soundcore 리버티 5 프로 D1203 (정품),https://prod.danawa.com/info/?pcode=122686277,앤커 상위 라인(리버티 프로·P3x/P4x) AI ANC·AI 통화 노이즈 공식 설명,공식 페이지에 통화 노이즈 처리가 AI/딥러닝/신경망 기반이라고 명시 → genuine / 일반 ENC·마이크 개수만 → washing / 표기는 AI인데 설명이 모호 → suspicious,6,974 988 1007 1021 1026 1045,genuine (노캔 AI 일괄),,
E06,1차,980,ANKER Soundcore P30i A3959 (정품),https://prod.danawa.com/info/?pcode=78716027,앤커 보급 라인(P30i·에어로·C40i·스페이스 등) AI 통화 노이즈 공식 설명,공식 페이지에 통화 노이즈 처리가 AI/딥러닝/신경망 기반이라고 명시 → genuine / 일반 ENC·마이크 개수만 → washing / 표기는 AI인데 설명이 모호 → suspicious,11,980 994 996 1022 1032 1033 1041 1071 1234 1258 1262,"genuine (노캔 AI 일괄, 일부 남음)",,노캔 미해당 남음: 996 1041
E07,1차,985,QCY MeloBuds Pro HT08 (정품),https://prod.danawa.com/info/?pcode=71645780,QCY 상위(멜로버즈 프로·N70·에일리버즈 프로+) AI ANC 공식 설명,공식 페이지에 통화 노이즈 처리가 AI/딥러닝/신경망 기반이라고 명시 → genuine / 일반 ENC·마이크 개수만 → washing / 표기는 AI인데 설명이 모호 → suspicious,4,985 1014 1027 1035,genuine (노캔 AI 일괄),,
E08,1차,1012,QCY T43 Buds (정품),https://prod.danawa.com/info/?pcode=94814210,QCY 보급형 AI ENC 공식 설명,공식 페이지에 통화 노이즈 처리가 AI/딥러닝/신경망 기반이라고 명시 → genuine / 일반 ENC·마이크 개수만 → washing / 표기는 AI인데 설명이 모호 → suspicious,12,997 999 1012 1016 1018 1029 1031 1051 1052 1061 1242 1265,genuine (노캔 AI 일괄),,
E09,1차,982,샥즈 오픈런 프로 2 S820 (정품),https://prod.danawa.com/info/?pcode=65303006,샥즈 AI 통화 노이즈 공식 설명 (1038 오픈핏 프로는 AI 기능 표기가 더 많으니 같이 확인),공식 페이지에 통화 노이즈 처리가 AI/딥러닝/신경망 기반이라고 명시 → genuine / 일반 ENC·마이크 개수만 → washing / 표기는 AI인데 설명이 모호 → suspicious,10,982 987 1010 1024 1025 1037 1038 1060 1062 1070,genuine (노캔 AI 일괄),,
E10,1차,1065,에디파이어 NeoBuds Pro 3 (정품),https://prod.danawa.com/info/?pcode=96311348,에디파이어 AI 통화 노이즈 공식 설명,공식 페이지에 통화 노이즈 처리가 AI/딥러닝/신경망 기반이라고 명시 → genuine / 일반 ENC·마이크 개수만 → washing / 표기는 AI인데 설명이 모호 → suspicious,8,1009 1042 1048 1057 1064 1065 1259 1261,genuine (노캔 AI 일괄),,
E11,1차,995,필립스 TAQ4000,https://prod.danawa.com/info/?pcode=124056440,필립스 AI 통화 노이즈/AI ANC 공식 설명,공식 페이지에 통화 노이즈 처리가 AI/딥러닝/신경망 기반이라고 명시 → genuine / 일반 ENC·마이크 개수만 → washing / 표기는 AI인데 설명이 모호 → suspicious,6,976 995 1066 1069 1232 1236,genuine (노캔 AI 일괄),,
E12,1차,1004,베이스어스 Bowie MC1 PRO (정품),https://prod.danawa.com/info/?pcode=101075093,베이스어스 AI 통화 노이즈 공식 설명,공식 페이지에 통화 노이즈 처리가 AI/딥러닝/신경망 기반이라고 명시 → genuine / 일반 ENC·마이크 개수만 → washing / 표기는 AI인데 설명이 모호 → suspicious,6,1004 1011 1036 1044 1235 1247,genuine (노캔 AI 일괄),,
E13,1차,1244,"스틸시리즈 Arctis Nova 7X Gen2 (블랙, 정품)",https://prod.danawa.com/info/?pcode=102002555,스틸시리즈 AI 노이즈 캔슬링 마이크(ClearCast AI 등) 공식 설명,공식 페이지에 통화 노이즈 처리가 AI/딥러닝/신경망 기반이라고 명시 → genuine / 일반 ENC·마이크 개수만 → washing / 표기는 AI인데 설명이 모호 → suspicious,5,1244 1248 1252 1256 1266,genuine (노캔 AI 일괄),,
E14,1차,991,JBL TOUR PRO 3 (정품),https://prod.danawa.com/info/?pcode=69468491,JBL AI 통화 노이즈 공식 설명,공식 페이지에 통화 노이즈 처리가 AI/딥러닝/신경망 기반이라고 명시 → genuine / 일반 ENC·마이크 개수만 → washing / 표기는 AI인데 설명이 모호 → suspicious,4,991 992 1023 1255,genuine (노캔 AI 일괄),,
E15,2차,989,Google Pixel Buds Pro 2 (해외구매),https://prod.danawa.com/info/?pcode=98415824,소수 브랜드(1~3개씩): 브랜드마다 공식 페이지에 AI 통화 처리 명시 여부만 빠르게 확인,공식 페이지에 통화 노이즈 처리가 AI/딥러닝/신경망 기반이라고 명시 → genuine / 일반 ENC·마이크 개수만 → washing / 표기는 AI인데 설명이 모호 → suspicious,40,989 1068 1245 977 1263 993 1059 1003 1049 1006 1233 973 1241 1058 1063 1251 1001 1246 1239 1253 1056 1243 1047 1055 1030 978 1254 1020 1257 979 1008 975 1013 1028 1231 1240 1043 1260 1238 1264,"genuine (노캔 AI 일괄, 일부 남음)",,노캔 미해당 남음: 1047 1030
E16,1차,1019,몬스타 몬스타기어 서머너 버즈 AI (블랙+블랙),https://prod.danawa.com/info/?pcode=14957273,"제품명에만 AI(몬스타 서머너 버즈 AI, 하이디 ai-ear300) — 실제 AI 기능 있는지",기능 없으면 washing (모니터 선례),2,1019 1040,washing (사용자 판단),,
O01,1차,1076,삼성전자 비스포크 AI CC80H63G1HS (빌트인),https://prod.danawa.com/info/?pcode=122617414,"삼성 비스포크 AI 인덕션: AI가 브랜드명뿐인지, 실제 AI 기능(자동 화력 조절 등)이 있는지",구체적 AI 기능 공식 명시 → genuine / 브랜드명뿐 → washing,6,1076 1077 1078 1079 1080 1081,genuine (사용자 판단),,
O02,1차,1082,쿠쿠전자 AI 트리플 프리존 인덕션 CIR-KS301FB (빌트인),https://prod.danawa.com/info/?pcode=107992172,쿠쿠 AI 트리플 프리존 인덕션의 AI 기능,위와 동일,2,1082 1083,genuine (사용자 판단),,
O03,1차,829,삼성전자 비스포크 AI DW80H73L1UY 14인용 빌트인,https://prod.danawa.com/info/?pcode=123805878,삼성 비스포크 AI 식기세척기의 AI 기능(AI 자동세척 등),위와 동일,2,829 830,genuine (사용자 판단),,
O04,1차,1084,삼성전자 비스포크 MG23A5378CP,https://prod.danawa.com/info/?pcode=13764803,삼성 비스포크 전자레인지 AI레시피추천이 앱(SmartThings) 기능인지 제품 기능인지,P2(연동형) 결정에 따름,5,1084 1085 1086 1087 1088,washing (전용 앱 AI),,
O05,1차,821,LG전자 사운드 스위트 M7 (정품),https://prod.danawa.com/info/?pcode=107769233,LG 사운드바 AI Sound Pro(콘텐츠 분석 음향 자동 조정) 공식 설명,공식 명시 → genuine (TV AI화질 선례),6,811 816 821 822 823 828,genuine (사용자 판단),,
O06,1차,810,삼성전자 뮤직 스튜디오7 HW-LS70H (정품),https://prod.danawa.com/info/?pcode=122629273,삼성 뮤직 스튜디오7 AI 사운드 기능,위와 동일,1,810,genuine (사용자 판단),,
O07,1차,971,옵스봇 MEET SE AI,https://prod.danawa.com/info/?pcode=88136672,옵스봇 MEET SE AI 자동 프레이밍이 딥러닝 기반인지,공식 명시 → genuine,1,971,genuine (사용자 판단),,
O08,1차,972,너츠 AI-10 얼굴인식 팔로우캠 (정품),https://prod.danawa.com/info/?pcode=90892976,너츠 AI-10 얼굴인식 팔로우캠 얼굴 추적 방식,AI/딥러닝 인식 명시 → genuine / 단순 추적 → washing,1,972,genuine (사용자 판단),,
O09,1차,1229,망고슬래브 네모닉 AI,https://prod.danawa.com/info/?pcode=59090219,망고슬래브 네모닉 AI: AI 기능이 프린터인지 앱인지,P2(연동형) 결정에 따름,1,1229,washing (전용 앱 AI),,
O10,1차,812,MUZEN OTR 메탈 블루투스 스피커 MW-2AI (정품),https://prod.danawa.com/info/?pcode=20631407,MUZEN MW-2AI: 모델명 외 AI 기능,기능 없으면 washing,1,812,washing (사용자 판단),,
O11,1차,824,AVerMedia AS311 AI SPEAKERPHONE (정품),https://prod.danawa.com/info/?pcode=14735132,AVerMedia AS311 AI 스피커폰: AI 노이즈 제거 공식 설명,공식 페이지에 통화 노이즈 처리가 AI/딥러닝/신경망 기반이라고 명시 → genuine / 일반 ENC·마이크 개수만 → washing / 표기는 AI인데 설명이 모호 → suspicious,1,824,genuine (사용자 판단),,
O12,1차,825,BoomPods 아쿠아블라스터 (정품),https://prod.danawa.com/info/?pcode=12920660,BoomPods 아쿠아블라스터: AI 기능이 무엇인지,개별 판단,1,825,washing (사용자 판단),,
