epoch,loss,ordinal_nll,senn,prior,weight_stability,validation_ordinal_nll
1,1.5682079621271998,1.56820469035394,3.582349907432294e-07,0.000499132981422587,7.821550724866729e-05,1.475153923034668
2,1.5639359062483202,1.563930423253411,2.8912290307121703e-07,0.0009777421410879818,5.987654744653002e-05,1.470897912979126
3,1.559626266874116,1.55961654957789,2.724917158922416e-07,0.0018044109635341626,6.977864782358656e-05,1.4663312435150146
4,1.5549687915518682,1.5549520671525747,3.2019851201026246e-07,0.003159299185277217,9.1486949180574e-05,1.4612241983413696
5,1.5497887431784714,1.5497620583212977,3.493079851186825e-07,0.005054970727665276,0.00014106322325233725,1.4559412002563477
6,1.5446342438538447,1.5445971915829404,2.877918985114806e-07,0.007079293116413313,0.00016685265391374585,1.4509645700454712
7,1.5399385491479929,1.539892918867521,1.9808990427930678e-07,0.008818728824588284,0.00015373681319892329,1.4464586973190308
8,1.5357530215058466,1.5357003670472364,1.3024441896816074e-07,0.010241294516848316,0.00014570025683226885,1.4422401189804077
9,1.5314994493909477,1.5314409388155141,8.891914463211575e-08,0.011471227473463241,0.00011541827604828022,1.4384455680847168
10,1.5276630395919637,1.5275989214368462,6.601316033976008e-08,0.012602381213056789,0.00010942263775817007,1.4347230195999146
11,1.523863727281201,1.5237940600443265,5.0711928897246994e-08,0.013768869197732257,8.072770486767367e-05,1.4311118125915527
12,1.5202118360711663,1.5201363683695501,4.0815217631833684e-08,0.014944537863906088,7.404648130762685e-05,1.4275238513946533
13,1.5164283178845515,1.516346706003346,3.3875178392405365e-08,0.016185228814141188,6.689157097287592e-05,1.424087405204773
14,1.512856077452237,1.5127680462930817,2.8123987147384904e-08,0.017492255003287875,5.645686636834198e-05,1.4206246137619019
15,1.509283264372646,1.5091884038176397,2.4172969611255147e-08,0.01887497761896972,5.0531318082365475e-05,1.4171555042266846
16,1.5055867967934444,1.5054845949066729,2.11873419698817e-08,0.02035200253464973,4.4634110244759603e-05,1.4137896299362183
17,1.502066105999428,1.5019562766153554,1.8912002385585264e-08,0.021896007107644878,3.493923893993824e-05,1.4103751182556152
18,1.498439305657101,1.4983211575515707,1.6765587279808857e-08,0.023545883067288196,4.1259890454648364e-05,1.407007098197937
19,1.494892483680887,1.494765622230044,1.506673835502499e-08,0.025304888342988902,3.3980843771866026e-05,1.4035940170288086
20,1.4913616797019695,1.491225578108264,1.3708498539092694e-08,0.02714937227711437,3.508643328013956e-05,1.400174856185913
21,1.4878578913306684,1.4877118270656475,1.2403837928482774e-08,0.029150253621273395,3.364632878350946e-05,1.3967338800430298
22,1.484175442384472,1.4840196149734983,1.149773017378396e-08,0.03110835671088898,2.8440848682511138e-05,1.3934154510498047
23,1.4806717457126244,1.480505083220707,1.0788291436731813e-08,0.03328024984315156,2.5629754184324673e-05,1.3900530338287354
24,1.4770660077861513,1.4768882841267068,1.0101213818825212e-08,0.03548576708497672,3.0065273208866657e-05,1.386745572090149
25,1.473622596864675,1.4734332374931962,9.425948677055844e-09,0.037825987286450695,2.3659307868093305e-05,1.3833035230636597
26,1.4701114058178364,1.469909900063229,8.862468033831841e-09,0.04025592265616045,2.3503924237363646e-05,1.3798308372497559
27,1.466464637445202,1.4662503427788813,8.421095804174038e-09,0.04281185381608553,2.3886198372666883e-05,1.3764851093292236
28,1.4629002423754423,1.4626731145287066,8.090924238283256e-09,0.045376127580828,2.7046358071246605e-05,1.3731975555419922
29,1.4594342692777396,1.4591935262755944,7.843866806888581e-09,0.04809674845924428,2.645711823841662e-05,1.3698569536209106
30,1.4558788506358624,1.4556239479732767,7.581373378774943e-09,0.05092885129805901,2.4596827261941014e-05,1.3665345907211304
31,1.452433025172914,1.4521637696486254,7.36326764017703e-09,0.05380613946748665,2.2853044462600224e-05,1.3631322383880615
32,1.4488267010023486,1.44854211996974,7.2013324498978535e-09,0.056865671990483764,2.197945534752803e-05,1.3598681688308716
33,1.4453870412209306,1.4450874651142394,7.071975347208501e-09,0.05987563073160794,2.005489846460743e-05,1.3565616607666016
34,1.44193618556865,1.4416208222943212,6.992516050418083e-09,0.06301948746335286,2.5301371115395387e-05,1.353247880935669
35,1.4384170795941542,1.4380853059121088,6.932139966680469e-09,0.0663120207087747,2.2517312787453437e-05,1.3500086069107056
36,1.4350694847992307,1.4347212346226215,6.941140149537047e-09,0.06960608049318076,2.3315737096477604e-05,1.3466596603393555
37,1.4316087597561136,1.4312432020981685,6.9942211103250824e-09,0.07306811104797874,2.2451330601782426e-05,1.3433679342269897
38,1.4281839960766092,1.4278005510173362,7.062831915543882e-09,0.07664705672615087,2.2731487926446052e-05,1.3401292562484741
39,1.4247938043558945,1.424392819088397,7.226617444155362e-09,0.08015249881013951,2.2661929865740117e-05,1.3369375467300415
40,1.421441620161426,1.4210224575326045,7.4223332390375314e-09,0.08377939106931105,2.635255324656134e-05,1.3337736129760742
41,1.4180699896749198,1.4176322253376483,7.662619179313124e-09,0.08750770199520203,2.1664967977718835e-05,1.3306678533554077
42,1.414839668362463,1.414383443660382,7.966428370498058e-09,0.09119805183745822,2.664293139789745e-05,1.3275001049041748
43,1.4114801077374728,1.4110044873361562,8.33976173000931e-09,0.09506748721438314,2.929532622113461e-05,1.324436068534851
44,1.4082710120026565,1.4077759696570884,8.769950002870782e-09,0.09894833567525095,3.086949849704439e-05,1.3213335275650024
45,1.4050239982276127,1.404508900579154,9.387725806858282e-09,0.10296517675767211,2.640563041650022e-05,1.318272352218628
46,1.4018496739769488,1.4013145839503969,1.0063162054904452e-08,0.10695367063388268,3.338680349090273e-05,1.3151895999908447
47,1.3986363768261372,1.3980806205886112,1.0922523905079066e-08,0.11108986699375613,3.0031156697154876e-05,1.3122024536132812
48,1.3954822805263003,1.3949060964963798,1.192852556253556e-08,0.1151591859145253,4.0545633723693766e-05,1.30927574634552
49,1.39236790590008,1.3917710882283016,1.3448616028061355e-08,0.11926763692490303,4.6083791759198615e-05,1.3063889741897583
50,1.389403405809276,1.388785195919816,1.530395599695898e-08,0.12352657859616317,5.8266627493429315e-05,1.3034021854400635
51,1.3862948955212095,1.3856555138089612,1.7472025622940065e-08,0.12776007019082178,5.8629074921665975e-05,1.3005329370498657
52,1.3832885608748986,1.3826276041784717,2.071944333521972e-08,0.1320567867009646,6.805237252223527e-05,1.29769766330719
53,1.3804130576333569,1.3797299014478526,2.531702697527769e-08,0.13646467927280093,8.656451936696337e-05,1.294800877571106
54,1.3773791989217703,1.3766741894916767,3.194052701666989e-08,0.14082345832880358,8.953982892826655e-05,1.2920788526535034
55,1.3744766206260701,1.373750115579256,4.2254646376614377e-08,0.14504356350285305,0.00012665833026943952,1.2894009351730347
56,1.3716877765301367,1.3709393777644918,5.656513706002206e-08,0.14930225639981995,0.00018802944334398027,1.2866902351379395
57,1.368917072799541,1.3681467584969194,8.30980799620417e-08,0.15359831065809063,0.0002331262393712513,1.2839590311050415
58,1.3659541900973737,1.3651607991529713,1.3236482440736809e-07,0.15786454504459543,0.0004064477313141924,1.2814536094665527
59,1.3633754196470549,1.3625604129280273,2.4271560827200885e-07,0.16182511238583835,0.0005864690955597364,1.278704047203064
60,1.3604340154865375,1.3595969370252574,6.33007382131851e-07,0.1654334705056183,0.0009865213249777925,1.2760345935821533
61,1.3574933050798168,1.3566320736148945,2.6030263833145626e-06,0.16749291236584002,0.0023507163279371172,1.2727113962173462
62,1.3533434595922575,1.3524630594632987,1.3371154164002383e-05,0.163499499466122,0.006155876509489526,1.2676875591278076
63,1.3480300941264913,1.3471357525185501,3.673443304784275e-05,0.15484709353914944,0.011642700720168354,1.262152075767517
64,1.3425550786506593,1.3416723784464424,3.182588017110376e-05,0.15741296646133343,0.009245585395296201,1.257310390472412
65,1.3379198151494842,1.337072254492054,1.3541234519851575e-05,0.1622923374650333,0.0034740899049674483,1.2535009384155273
66,1.3342141540676593,1.3333541540631564,6.868064853832724e-06,0.1681729200585135,0.0018417261011616898,1.2501299381256104
67,1.3309308714196284,1.3300490341388895,4.031745728769754e-06,0.17439655192809017,0.0009486720309313634,1.2469052076339722
68,1.3276741150519575,1.3267638809801097,2.8493143001869903e-06,0.18057040103392513,0.0007102899040300547,1.2439395189285278
69,1.3246132242900939,1.3236735682904879,2.1451728206381054e-06,0.18666083616666515,0.0006131782353638279,1.241114616394043
70,1.321727095611532,1.320758947643108,1.7611792346381009e-06,0.19288905700100512,0.0003509994357545176,1.2383087873458862
71,1.318859025401209,1.3178597919504587,1.5145012907935632e-06,0.1990220604825083,0.00039759308014982765,1.2355966567993164
72,1.3160782944934755,1.315049254293467,1.3322982854924583e-06,0.20514288769950917,0.00031721310591848877,1.2329657077789307
73,1.3133732298641052,1.3123132894779075,1.1978699021180043e-06,0.21128306539842873,0.0003416325039071567,1.2304004430770874
74,1.3107878826657404,1.309697476084732,1.1377860823994468e-06,0.2174602482932316,0.00029696429273995525,1.227840781211853
75,1.308203686927927,1.3070826803973878,1.0919799435445967e-06,0.2236409174668694,0.0002679521669862194,1.2253657579421997
76,1.305617194276906,1.304466381313314,1.0590970192118339e-06,0.22968512030432015,0.00022659319007042942,1.22303307056427
77,1.303197091074774,1.3020165614803527,1.0281600893675214e-06,0.2356882983872998,0.00019713186074371897,1.2207164764404297
78,1.3008442348763545,1.2996336237505197,1.0371708215785929e-06,0.24170424119230924,0.00019601206631777654,1.2184020280838013
79,1.2984673006148806,1.2972271780752693,1.0806278767472516e-06,0.24767676980014822,0.00016433795819022575,1.216184377670288
80,1.2961955415159068,1.2949259198945144,1.0776860463240145e-06,0.25354539842124957,0.0001777872800222871,1.2140049934387207
81,1.2939056961226527,1.2926064530481394,1.1082799844490093e-06,0.25935898369440036,0.00023229127971437544,1.2119122743606567
82,1.291728609752908,1.290401633917811,1.142957135450573e-06,0.2650898311593488,0.00014358106977429823,1.209833025932312
83,1.2895849829327206,1.288229047145388,1.2993292141291311e-06,0.2708699860528546,0.0001457751331909866,1.2077921628952026
84,1.2875494994914816,1.286163541303073,1.5778207485849493e-06,0.27668980625643336,0.00023213527386140977,1.2057225704193115
85,1.2853965958486502,1.2839821830036153,1.8125243255945289e-06,0.282395574711362,0.00023002398156484377,1.203796625137329
86,1.2833844164005956,1.2819420611510541,2.289903596486611e-06,0.2879894956827796,0.0002174924504640574,1.2019081115722656
87,1.2813977044204186,1.2799257188640158,3.448108201765615e-06,0.2934930073171459,0.0004193650809331582,1.2000718116760254
88,1.279501385650837,1.2780018776101838,5.2261211465819464e-06,0.2989114567993174,0.00044402637303481374,1.198224663734436
89,1.2775278328584423,1.2759942799727544,8.866863081204153e-06,0.3043743002794149,0.0010803046550438677,1.1964789628982544
90,1.2757121504776041,1.2741431712471838,1.90501875152678e-05,0.309672153359699,0.0018680708639034062,1.1946660280227661
91,1.2738522012923061,1.2721982228344884,7.778890629568639e-05,0.31491525704411677,0.007165062796930963,1.1928555965423584
92,1.272032749747724,1.2701070384574507,0.00022344083496059393,0.31999742700187217,0.03033733460311074,1.1911542415618896
93,1.2702084959976236,1.2685254284178231,5.3999774492926595e-05,0.32559260441390525,0.004970262500899659,1.1894840002059937
94,1.268341690539049,1.2664033829059145,0.00029213027705700563,0.33043545468732594,0.025691359589217276,1.1876964569091797
95,1.2664028692308724,1.2640639796497335,0.0010001022374054105,0.335100171973914,0.05633759743408041,1.1858868598937988
96,1.2643555804336102,1.2612305645601187,0.0018282943693624528,0.3396592182094918,0.12438810533727827,1.1851868629455566
97,1.2620786134380877,1.2587329048060611,0.0014566549437763775,0.34413904425952413,0.1479336775700989,1.1824792623519897
98,1.2593549274955567,1.2563518573497903,0.0017686071896750174,0.3504046562179646,0.10741762621254124,1.1813313961029053
99,1.256572193587174,1.254099062804518,0.0015601918008054955,0.3569531858915992,0.05323372856375393,1.1796798706054688
100,1.255335228828916,1.2520928472991963,0.0013234934940025093,0.3617275900328507,0.13014322155666605,1.1779440641403198
101,1.2530393341175756,1.2501820771700507,0.0008536127688664577,0.3677287029018453,0.09332476334957608,1.1770238876342773
102,1.2512305225554448,1.2486906899065175,0.000722797391120967,0.3733573899028788,0.0600785027685469,1.175514817237854
103,1.2499289836744414,1.2470422315976981,0.0006551819153139936,0.3789745711521381,0.09263563713439263,1.1742035150527954
104,1.2478279466654325,1.2454690111094509,0.000555877912535137,0.3839694520839013,0.038350204326983155,1.1729892492294312
105,1.2462585889376128,1.2438507902211156,0.0005666589758430535,0.3890521997482138,0.04058659616833064,1.171544075012207
106,1.245454267102148,1.2424593207374492,0.0006962210148083793,0.39426720545525895,0.0953987487035974,1.1700680255889893
107,1.243601080909648,1.2409424633182962,0.0005282324705450778,0.3994619409190565,0.060849600716121,1.169123888015747
108,1.242777722109534,1.239673609442673,0.0006041417235109599,0.4042555642380955,0.10224192130468311,1.1675714254379272
109,1.2413400278799729,1.2383779821724727,0.00044640431626649223,0.40971816661187127,0.08688214891009645,1.1668024063110352
110,1.23938453181669,1.2369347875567267,0.00030714541238878386,0.41449579754621974,0.03465486096529493,1.1655997037887573
111,1.2381643521690875,1.235569273129066,0.0002787074956831833,0.4193351270349336,0.04704974045104962,1.1644526720046997
112,1.2368107335320835,1.2342661473732095,0.0002725133178286274,0.42389516465227545,0.03978535232062523,1.163312315940857
113,1.2355154335340708,1.2329663332324445,0.00026165368737941926,0.42850287373249346,0.03804097421571059,1.1621912717819214
114,1.2341313491765638,1.2316320963816554,0.0002829645342250362,0.4328773355294286,0.030656635030036895,1.1611310243606567
115,1.2331715468070235,1.2303965499609788,0.0003004505648586494,0.4371841637620243,0.055901895921963915,1.1600322723388672
116,1.2318254627030472,1.229184550062731,0.000281323974867029,0.4416946717377367,0.040429172225899264,1.1589748859405518
117,1.2305945042589932,1.2280211973569755,0.00025658709919129544,0.4463039010526015,0.03161371206810367,1.1578853130340576
118,1.2294613578275282,1.2269060342950593,0.00022824825828620765,0.4509531446888213,0.027772068270835382,1.1568779945373535
119,1.2283524028186141,1.2256926427785535,0.000248407952756737,0.45491054179813883,0.036038805935680075,1.1559149026870728
120,1.2274239910692373,1.2246430552606558,0.00020986598881921268,0.45935811857329756,0.04631467585004767,1.154971718788147
121,1.2262907685904667,1.2234345200207253,0.00028129352772496,0.4629467671998932,0.05133753431965881,1.1539572477340698
122,1.2251588602597265,1.2224762240518625,0.00017159715394732798,0.46771034867124783,0.03269132698542718,1.1530890464782715
123,1.2239726323347826,1.2212434213420758,0.000247473294281003,0.4712370758979959,0.03482942502520761,1.1521791219711304
124,1.2229079216797725,1.2202232345662003,0.0002437749362050198,0.4752507931515772,0.02840579428094926,1.151233434677124
125,1.2221540652156193,1.2191516736458088,0.00021656224627360584,0.47937605425280666,0.05838546605622618,1.150277853012085
126,1.2209536105947723,1.2183517157557155,0.00020832557020281547,0.4837551769116197,0.016229575045965117,1.1493650674819946
127,1.219990271472172,1.2172756824316333,0.00014711408603178963,0.48751999196702667,0.026229918361283265,1.148625135421753
128,1.2191472078824233,1.2162136073453989,0.00014915052212568093,0.4911881251265579,0.046275175190147816,1.147674322128296
129,1.2180392818046186,1.2154264092761577,0.00017967929550080958,0.4952078765203845,0.011885565683518633,1.1468762159347534
130,1.21698103026939,1.2143785099768196,0.00011326546837274351,0.4989831023886602,0.009627188356415385,1.1461261510849
131,1.2160808502521059,1.2133167365501667,0.00016893588347868148,0.5022188964193632,0.02361151537875242,1.1453214883804321
132,1.2153232341103593,1.2124397174432993,0.00014504490467882698,0.505970664776921,0.033916109753371185,1.1444679498672485
133,1.2143489770611022,1.2115768823446582,0.00010727572374339821,0.5098833672563973,0.021198142329799087,1.1437276601791382
134,1.2134502224960124,1.2106275523689127,0.0001392396824116226,0.5131369453684405,0.02430792673569993,1.142965316772461
135,1.2124353343675245,1.2097447601490374,0.00011881227910442066,0.5167213711561511,0.009506541973755594,1.142208456993103
136,1.2116007450720991,1.208863194172199,0.0001354311259456636,0.5200067643145351,0.012399200616844137,1.1414579153060913
137,1.2107632662952736,1.2079031027912777,0.00025215895899135464,0.5228843880268876,0.022054276587219233,1.1406887769699097
138,1.209929712571263,1.207081940193075,0.0001695254138721504,0.5267246694400393,0.019720264850060804,1.1399788856506348
139,1.2092844184576992,1.2062905027632371,0.00013833834788689776,0.5301797532276387,0.0329171654345858,1.1392579078674316
140,1.2083140790304392,1.2055334736560952,0.00011070831595047375,0.5337453974652986,0.01008072961615868,1.1385436058044434
141,1.2076019083473348,1.2046885398718028,0.00012779033954697012,0.5369622365865531,0.02158090106177018,1.1378625631332397
142,1.2067235964362755,1.2038260423220122,0.0001771069467296226,0.5399404410025802,0.018013805318352043,1.1371649503707886
143,1.2059015611122395,1.2029446537361854,0.00027500689718159383,0.5426766802840903,0.021602703102763042,1.136478304862976
144,1.2062507978484864,1.2024735019440993,0.00023078605645857764,0.546657328738458,0.10209068035044823,1.135650396347046
145,1.2045698361940662,1.2016530397399983,0.00013853178077369042,0.5498789469822648,0.015356238600390343,1.1352877616882324
146,1.203771134270281,1.2007943968874073,0.00013518295644709377,0.552663491006239,0.01999074224826067,1.134653091430664
147,1.2029799393696874,1.2000467489505637,0.00012509860142075613,0.5557831775604571,0.01417719279490016,1.1340173482894897
148,1.2022572863323302,1.1993610839944935,9.380167173234059e-05,0.5590179104071397,0.009171935567874412,1.133381962776184
149,1.2015335567750096,1.1986023034277897,0.00011620582441218964,0.5619002631235502,0.0110172286743313,1.1327568292617798
150,1.2008464545090571,1.1978483086239438,0.0001503028967096631,0.5646612350124895,0.01597948975623919,1.1321479082107544
151,1.200260618953553,1.1971835748586477,0.00010846432423715008,0.5678318073325828,0.022703577837207667,1.1315568685531616
152,1.1995381110542964,1.1965473555127253,7.612877528477135e-05,0.5709683193135957,0.012833443271435936,1.1309736967086792
153,1.1987932120457252,1.1958106180717205,0.00010501589375641937,0.573623630823444,0.010397036122627537,1.1303973197937012
154,1.1982375225274569,1.1950625032581765,0.00016279809380108267,0.5761772874811916,0.027786140227153037,1.1298331022262573
155,1.1975074412019562,1.1945062629107772,8.06845371225887e-05,0.5795298756275632,0.009545260816454314,1.129253625869751
156,1.1970044589485351,1.1937651773346514,0.0001333422678388749,0.5819738467745187,0.031612482411040865,1.1287076473236084
157,1.196287907086886,1.1931778630464083,8.658732603945145e-05,0.5850307917721391,0.017624636753202867,1.1281685829162598
158,1.1956202139588819,1.1925863052869032,6.525267321585222e-05,0.5879639910450032,0.008758155833769205,1.1276427507400513
159,1.1949961914307876,1.191954361348949,6.694498537476539e-05,0.59065718217617,0.008185540106078358,1.1271098852157593
160,1.1945066104200854,1.1912364890151694,0.00010268739335385147,0.593030361345023,0.029470217223983228,1.1265738010406494
161,1.1940238842597375,1.190723100771006,6.1797647094019e-05,0.5959865914099413,0.0314664548004802,1.1261085271835327
162,1.193152064669986,1.1899780996282157,0.00016831442367425066,0.5978816844107934,0.01677174096437917,1.1255748271942139
163,1.19249381769241,1.1893711543842083,0.00015895761046447453,0.600547601911054,0.010402636151681766,1.1250739097595215
164,1.192126374187773,1.1887738222468753,0.00016205547567684232,0.6031409970012837,0.03206452999056492,1.1245901584625244
165,1.1914255492567067,1.1883087316305632,5.8587377798151893e-05,0.6063604592012157,0.007915919320534332,1.1240947246551514
166,1.1908401272973583,1.1877288138518598,5.867400064205708e-05,0.6088044618105699,0.0061429922474518575,1.1236424446105957
167,1.1902827748569316,1.1870637790593923,0.00010919870653706023,0.6109480565359485,0.015334551210270636,1.1231685876846313
168,1.1897452184312856,1.1865107984694625,0.00010348066621733612,0.6134126039335519,0.015698946731421966,1.122708797454834
169,1.1892103919616113,1.1860118092529337,6.885988125515811e-05,0.6161687465814444,0.011083349879273393,1.1222232580184937
170,1.188691994239544,1.1854065950732648,8.539046998509309e-05,0.6184800222950841,0.01844754356357321,1.1217767000198364
171,1.1881251996012518,1.1848667980189032,8.531104460165932e-05,0.6208592556832008,0.014558155416320781,1.121328353881836
172,1.1878988989468278,1.184331852498042,8.06341289890935e-05,0.6232620101392428,0.04426598012637574,1.120853066444397
173,1.187235320594646,1.183967710173731,0.00012060267044341226,0.6257755772188425,0.012665741521104262,1.1202794313430786
174,1.186781174624314,1.1833574816149806,9.510831483417445e-05,0.6279492330804112,0.027442372539908246,1.1200505495071411
175,1.186076757446208,1.1826737783948054,0.00020174563530661458,0.6296309798718763,0.023464670676530516,1.1196062564849854
176,1.1855152013763508,1.1822033927674636,0.00011743170861594826,0.6323674763861639,0.013827206767028302,1.1192125082015991
177,1.185571811243457,1.1818722318907315,0.0001399846979988774,0.634783148765564,0.05116997066368312,1.1184979677200317
178,1.1847558227078667,1.181426792309202,0.00015493521952198136,0.6370809862404982,0.012813406527062152,1.1183215379714966
179,1.1841101719150493,1.1808392865588242,2.8688860442855306e-05,0.6398375187691706,0.0068836035602170215,1.1180191040039062
180,1.183519037079748,1.1802629785765388,5.793693422621477e-05,0.6416990836039779,0.004178114268442107,1.1176128387451172
181,1.1834188522647484,1.1798469903298334,3.5446921659954945e-05,0.6441789380119081,0.0347422434311034,1.1171462535858154
182,1.1827880393921222,1.1793888573305045,3.091067970546709e-05,0.6464900483503265,0.016360629178257535,1.1168193817138672
183,1.1821532606762348,1.1788657290233542,2.5316076978886084e-05,0.6486308318550454,0.004184635113665355,1.1164597272872925
184,1.1817211339581235,1.1783627028174362,3.5082835000655574e-05,0.6505715718952351,0.010206943605124792,1.1160911321640015
185,1.1812254987281576,1.1779144240311032,3.6422233008959456e-05,0.6526796341890998,0.004404554098309697,1.115698218345642
186,1.1807175691311176,1.1774035315931002,4.740316541300375e-05,0.6546117285518495,0.0036228846842596006,1.1153377294540405
187,1.180287844938688,1.1769381943368786,6.421298058891907e-05,0.6565359237971926,0.006053150685217518,1.1149520874023438
188,1.1799432542026833,1.1764662025461778,7.317278611640237e-05,0.6585613727885785,0.01769257970994205,1.1145892143249512
189,1.1794058628360535,1.1760548240942412,4.156890053072905e-05,0.6608779873076421,0.0042482481400768915,1.1142268180847168
190,1.1789854711183503,1.175594080664435,4.675020049287185e-05,0.6628244925557144,0.00725911564267159,1.1138782501220703
191,1.1785760460228756,1.1751402543773701,5.767553567366652e-05,0.6646431477379736,0.010680813415208214,1.1135355234146118
192,1.178100875897496,1.1747188881158197,5.4226731639096034e-05,0.6666562339039,0.004332657051161525,1.1131826639175415
193,1.1776492410692676,1.1742640815932175,6.597335413730204e-05,0.6685305361090035,0.003593959237896005,1.112833023071289
194,1.1773561296159456,1.1737891157362759,0.00011262275723308764,0.67014113282019,0.020502130481209458,1.1124986410140991
195,1.176857536288092,1.17345248546145,4.810188295655027e-05,0.6725621315149161,0.0037420961081942134,1.112169861793518
196,1.1764533067571705,1.1730117851606414,5.8008348811677205e-05,0.6744134290148788,0.0063668137875728965,1.111823558807373
197,1.1761220646157504,1.172548170431223,9.899102933957389e-05,0.6760599567339971,0.018372692365830966,1.1114987134933472
198,1.175700389105698,1.1722151107433936,3.8809063124420906e-05,0.678458034992218,0.008913053932108124,1.1111773252487183
199,1.175276388856397,1.1718409953130018,2.8760468598704696e-05,0.6803621292430463,0.003069573072457207,1.1108664274215698
200,1.1748553176141228,1.1714074845655527,3.7410160401205016e-05,0.682095009705116,0.0033584721919874207,1.1105594635009766
201,1.1745008536928212,1.1709772152356823,5.5361133178392875e-05,0.6837641764382785,0.009924957050542922,1.1102478504180908
202,1.174177412961459,1.1706054545840154,4.021864597644643e-05,0.6857730147060728,0.01390393851377411,1.1099331378936768
203,1.1737101204515452,1.1702380901306315,3.054876197225214e-05,0.6876995131887239,0.003048785453271961,1.109635591506958
204,1.1733134852163987,1.16982036781564,4.626299666768617e-05,0.6892914813140343,0.004205387843456564,1.1093215942382812
205,1.1729673632576232,1.1693715227061305,9.471192454891052e-05,0.6906996857898621,0.01328687118094622,1.109005331993103
206,1.1725488004697096,1.1689870218383223,9.296248837241987e-05,0.6925009228190313,0.008999175980034968,1.1087265014648438
207,1.1723234473236044,1.1686095460972672,9.121229527831193e-05,0.6942335820956951,0.02336246498510864,1.1084431409835815
208,1.1719427820225925,1.1683535518949797,3.64961279312208e-05,0.6965466641304664,0.010285334613431117,1.108141303062439
209,1.1715313553493916,1.1679554785594384,3.5123640800062293e-05,0.6982761665743922,0.008099128133203558,1.1078709363937378
210,1.1712083851310873,1.1675352120589197,6.75020781065435e-05,0.6996963779869383,0.016794281843703844,1.1075831651687622
211,1.170780632476908,1.1671982731680022,4.0702688260237374e-05,0.7016332758200263,0.007011454871087397,1.107313871383667
212,1.1704063668491353,1.1668583081951192,3.685908689112211e-05,0.7033553834935399,0.0027595372893415215,1.1070293188095093
213,1.1700433024677104,1.166462674381246,5.539684056641598e-05,0.7048478864864582,0.005082647908424627,1.1067477464675903
214,1.1696588050781573,1.1660525849390408,0.00010439479420838855,0.7061260473823041,0.006515460113552584,1.106445074081421
215,1.1695925617091536,1.1657506483619346,8.287116606903988e-05,0.7079126365304942,0.029406246951526768,1.1061979532241821
216,1.169144601657473,1.1655033595998343,2.664441940842804e-05,0.7101737624454245,0.008769471612104292,1.105939269065857
217,1.1686972215257843,1.1651122702843948,3.220940066696965e-05,0.7116908119591224,0.002328194976124705,1.1056973934173584
218,1.1683561735507348,1.1646903038657312,9.046576679366357e-05,0.7127919328307599,0.009286953130920988,1.1054022312164307
219,1.1680692544982667,1.164329329283231,0.00010838446108762061,0.7142928671141202,0.01575964465934971,1.1051703691482544
220,1.1676555163664275,1.1640374527685837,6.466272022820322e-05,0.716203786333929,0.003058655686498637,1.1049045324325562
221,1.1674075885539978,1.1636802476660326,8.428572144097492e-05,0.7176455305172846,0.0130693915087621,1.1046558618545532
222,1.1670384778584346,1.1633771028695752,5.883882727959707e-05,0.7194371465346542,0.005830064575269384,1.104405164718628
223,1.1666923868877501,1.1630120337483738,9.095732193913888e-05,0.7207375639945822,0.006757568501754953,1.1041388511657715
224,1.1664776028941735,1.162628984893981,0.00016546028821984806,0.7218031635018811,0.02230269588969786,1.1038857698440552
225,1.1662243286873997,1.1624453281217924,5.419603594080988e-05,0.7240675355774654,0.0153238600640575,1.1036221981048584
226,1.1659311122540137,1.1622021776927878,3.41329645915593e-05,0.7259295853126586,0.009587277402602314,1.1034331321716309
227,1.165517754833009,1.161803069102037,3.7026022948884445e-05,0.7273463001301813,0.007424733949830108,1.103204369544983
228,1.1652061977184103,1.1614417213976225,7.17120436705718e-05,0.7285205106836415,0.011467664628549028,1.1029635667800903
229,1.1648874233825137,1.1611500327087523,5.831588332005568e-05,0.7301479418334658,0.008081028190925,1.1027370691299438
230,1.1645423385761777,1.160846706094413,5.303889868408642e-05,0.7316548274113581,0.003208004029601101,1.1025019884109497
231,1.1642427371730855,1.1604937817753151,9.462670556450848e-05,0.7328224648531299,0.007539867258578816,1.1022394895553589
232,1.1639919888119483,1.1601369867906646,0.000155221948626177,0.7339050213285087,0.016994538672505544,1.1020196676254272
233,1.1636617737044075,1.1598690443076884,0.00011019571573810562,0.7356290790383316,0.010358311586694629,1.1018071174621582
234,1.1634197563960635,1.1596173383196722,6.689282354731385e-05,0.7374096182360257,0.010865506745716779,1.1016021966934204
235,1.163106657149621,1.159337988898988,5.6029013581546175e-05,0.7389023360902498,0.006857318887331885,1.101377010345459
236,1.1627944886526316,1.1590069080221241,8.088865605586231e-05,0.740151741618503,0.007870754886626091,1.1011457443237305
237,1.162596396805437,1.1587033366651054,9.420098531843023e-05,0.7414636126563783,0.017630983289795624,1.1009435653686523
238,1.1622873114654177,1.1584848113338257,4.344487779934962e-05,0.7433132412262874,0.008158794532910444,1.1007312536239624
239,1.1619956942388803,1.1581983752845137,4.070733248275292e-05,0.7447329612562448,0.006959172399882573,1.1005213260650635
240,1.1619070230807802,1.1578941857466962,4.884505711738434e-05,0.7459976486565264,0.027796036106875827,1.1002988815307617
241,1.1615645474401013,1.1577512724646206,5.0411793923095244e-05,0.7476024175512379,0.0070232588424784595,1.1000139713287354
242,1.1612284335280603,1.157442335424752,3.289120190579488e-05,0.7491115086590896,0.0037259241585824786,1.099894642829895
243,1.1609070781687527,1.1570995527490064,2.9823232640695095e-05,0.7503747111606345,0.005266113450073833,1.0997085571289062
244,1.1605820731711958,1.1567827431529523,5.6179354049679784e-05,0.7514358605566961,0.003655193304699853,1.0994793176651
245,1.1602998190912708,1.1564447759633356,0.00010606149257439719,0.7524193678673762,0.008232795301730935,1.099268913269043
246,1.1600031065371688,1.1561242674010501,0.00016522180698452262,0.7534162846421057,0.009524212789472282,1.0990453958511353
247,1.1599132296893577,1.1559328994953348,8.997697853733576e-05,0.755289442659373,0.019488488531727664,1.0989007949829102
248,1.1595343749782452,1.1557152653878817,3.794032488381416e-05,0.7569707929297531,0.0030469762677677588,1.0987060070037842
249,1.1592816693080832,1.1554035405265242,7.597526413958584e-05,0.7579099673491257,0.008096761210693111,1.0984914302825928
250,1.1590727377949723,1.1551204613096202,9.26372072545874e-05,0.7590833753742653,0.014758826026709044,1.0983244180679321
251,1.1589589011447816,1.1549592391249355,2.9104198442632455e-05,0.7609547776632031,0.019197011151565954,1.098118782043457
252,1.1585724094502172,1.1547307054307163,1.9257093924354787e-05,0.7624627060852253,0.002746658698922463,1.0979444980621338
253,1.1582922505447024,1.154439661483866,2.5933457320824385e-05,0.7636121214226639,0.0031918797886557383,1.0977602005004883
254,1.1579898383952578,1.1541104092205867,6.799968484098997e-05,0.7644682377972084,0.005028650241165789,1.0975481271743774
255,1.157787375488079,1.1537556485408813,0.00019851134242952352,0.7649441233364277,0.018713265423976694,1.0973352193832397
256,1.1575568952358053,1.1536050759829009,7.733083623256077e-05,0.7669626619834798,0.010928431912513687,1.097216248512268
257,1.1573247030495966,1.1534243739884475,2.810190275176527e-05,0.7686537015659424,0.005425990604167428,1.0970314741134644
258,1.1570525533008322,1.1531567851807774,3.170325452814944e-05,0.769869276319954,0.00432605192759485,1.0968551635742188
259,1.1567809686104247,1.152881538520125,5.204155201225761e-05,0.7708744843063051,0.0039825253701208044,1.0966594219207764
260,1.1567190698982865,1.15264794412279,5.398927876484625e-05,0.7721408510714058,0.02049814279772346,1.0964922904968262
261,1.1563674176719523,1.1524708353239914,1.88008654299846e-05,0.7737532542618263,0.002594285770578789,1.0963218212127686
262,1.1561376011339992,1.1521891051957716,3.2251932465374676e-05,0.7747757752631008,0.00713964356158907,1.0961450338363647
263,1.1558496205813056,1.1519012378444722,6.497860658119459e-05,0.775673521134202,0.0063501268116366956,1.0959583520889282
264,1.155625604824299,1.1516087804612178,0.00011714632318040791,0.7764836162407771,0.012266637851911491,1.0957800149917603
265,1.1553415382572447,1.151376667010057,0.00011215894113140518,0.7776822302322489,0.0065240603921629566,1.095598578453064
266,1.155156579194714,1.1511269305049583,0.00013377530658858475,0.7787453677673238,0.012253757220364377,1.0954413414001465
267,1.155037785398549,1.150980573117891,5.369107888670131e-05,0.7805555133984007,0.014904752971057283,1.0953067541122437
268,1.1547409496825949,1.150795171842651,2.627781700068916e-05,0.781992191661258,0.003316384535289026,1.0951411724090576
269,1.154562860648259,1.150553666312119,2.95657933622414e-05,0.7830924968820668,0.009079889000939399,1.0949844121932983
270,1.1543170762315036,1.1503349591629575,2.7978502622807773e-05,0.7842918925323284,0.005786264949510324,1.094821810722351
271,1.1540527805409317,1.150089617117014,3.777297636145943e-05,0.7853637250728253,0.0032556929023576956,1.0946489572525024
272,1.1539818979700933,1.1498904862201498,2.948199804493693e-05,0.7865949624097,0.015549805418610453,1.0944966077804565
273,1.1536568352651217,1.1496965044057021,1.89564040740745e-05,0.7879055268884654,0.0018903349977220094,1.0943448543548584
274,1.1534096163843293,1.1494344624663537,2.9476697809562256e-05,0.788851811651842,0.0027945481494886784,1.0941894054412842
275,1.1532031278711414,1.1491780749050313,5.1141164242567873e-05,0.7897446484401308,0.007122175719845912,1.0940190553665161
276,1.1529561828238895,1.148915749013582,8.661928193612945e-05,0.7906038229914496,0.007874875269606042,1.0938465595245361
277,1.152694648235483,1.1486528824115623,0.00014697054148176425,0.7913475395513783,0.007034586564037425,1.0936274528503418
278,1.1525880616919115,1.1484060831348206,0.00018588350222271716,0.7923258403884321,0.020175534293712646,1.093558669090271
279,1.1523172086999018,1.1483035432248911,5.788344900918611e-05,0.7941608681919088,0.0037104504927745786,1.0934021472930908
280,1.15210380098864,1.1480356410580541,0.00010721088242353868,0.7948832418621377,0.008303836723128753,1.0932265520095825
281,1.1519357083014532,1.1477497743358662,0.00020215965348724475,0.7954311426185486,0.01885503175018716,1.093063235282898
282,1.1516969831615924,1.1476535586842807,7.726778922633144e-05,0.7972546632473285,0.0049421431154595685,1.0929690599441528
283,1.1516102425931936,1.1474826342231084,4.53279789077706e-05,0.7986424709188527,0.012986079345034826,1.092822790145874
284,1.1513455002630422,1.1472742102190416,4.605993746461184e-05,0.7997114568237285,0.006811295981229893,1.0926768779754639
285,1.1510720888562798,1.1470260493635183,8.41323494575255e-05,0.8004726346987312,0.003526230246728454,1.0924792289733887
286,1.151219161182879,1.1467965907696387,0.0001588844098002895,0.8012480887557214,0.040044069369212384,1.0923489332199097
287,1.1509376603032928,1.1467872304688713,4.559099246417363e-05,0.803127905418133,0.013023610954946129,1.0922199487686157
288,1.1506190657299458,1.1465405745911028,1.9764191401870403e-05,0.8043446019094249,0.0054785697103356965,1.0921218395233154
289,1.1503427003359605,1.1462490980757958,5.879120860012654e-05,0.8049171185936156,0.006313685157314061,1.091964602470398
290,1.1502161092404029,1.1460335646763404,7.542974005014184e-05,0.8058259982012943,0.014587701184351482,1.0918432474136353
291,1.1499505365558897,1.1458781530749576,4.242492400589016e-05,0.8071833252906799,0.003219766022615253,1.0917022228240967
292,1.1498927665325944,1.1456608494017422,6.429781253356865e-05,0.8079960836339692,0.018548380325372957,1.0915738344192505
293,1.1496043511980092,1.145535683758379,1.915140478619208e-05,0.8095664301348617,0.0018896327665278228,1.0914368629455566
294,1.1494508877357057,1.1453540274571994,1.644017587610646e-05,0.8106124031132665,0.004214065176137137,1.0913094282150269
295,1.1492708375978848,1.145150753958472,1.991554069503696e-05,0.8115634298451067,0.006028280819492015,1.0911756753921509
296,1.1490109899632177,1.1449216882493198,3.833216221115937e-05,0.8123565961258481,0.0023686738655206425,1.0910271406173706
297,1.1489342274020775,1.1447179039213955,4.944020488478383e-05,0.8132324370528405,0.014518628578104415,1.090915322303772
298,1.1487207317858223,1.1445896649234175,1.84558115511486e-05,0.8145783361768849,0.005631250654784493,1.090786099433899
299,1.148501339894707,1.1444048226986387,1.7006093565248315e-05,0.8156020152790161,0.0016813334855757436,1.090659737586975
300,1.148319514107641,1.1442010684101904,2.6225557259016235e-05,0.8164615224780075,0.003350918639490791,1.0905237197875977
301,1.148086432436733,1.1439663541728053,5.729704858986562e-05,0.8171261145834581,0.0028692741497124566,1.0903677940368652
302,1.1491439592300738,1.1436852400119488,0.00016926353385192416,0.8172937078248285,0.13553156505248679,1.090276837348938
303,1.150494409809062,1.1441008292079289,0.005596237283061686,0.8145388945028067,0.1761266677702137,1.089592456817627
304,1.1478480476915678,1.1434660817963376,0.0001703055402719779,0.8194134096251875,0.026787168571147425,1.0898343324661255
305,1.1480420666601043,1.142934458641538,0.0012582788767035022,0.8171704909529547,0.0895931722709924,1.089889645576477
306,1.147259781468136,1.1431155144693996,4.926585891020107e-05,0.8220553753862962,0.0029070969122592903,1.0898163318634033
307,1.14712072351567,1.1429900111190836,7.991119138628967e-06,0.8236359049533976,0.0011713831086114384,1.0896967649459839
308,1.14695314355491,1.142817658201769,6.161942548198895e-06,0.8246150627060341,0.0011805459577219673,1.089577078819275
309,1.146794083580098,1.142643402995102,6.514386034093779e-06,0.8255655338656681,0.0022216938820171024,1.0894575119018555
310,1.146638271346965,1.1424674858148913,7.272636273423681e-06,0.8264620177625661,0.0037786036838508095,1.0893404483795166
311,1.146448252688036,1.1422918269741758,7.646599099955142e-06,0.8273955747998994,0.0018663360361384712,1.089224100112915
312,1.1462838007853582,1.142125023138618,8.253696697207651e-06,0.8283362200468858,0.0016284886514768004,1.0891038179397583
313,1.1461057324624504,1.1419477826404318,9.493937605339787e-06,0.8292369810908796,0.001084115060691077,1.088987112045288
314,1.1459427471186185,1.14177746576719,1.1471226322819758e-05,0.8301015526293444,0.0013645002232439598,1.0888696908950806
315,1.1457960893367898,1.1416070320561964,1.3137850090963222e-05,0.8309854801833155,0.0032798417847583797,1.0887559652328491
316,1.1456126091651007,1.1414321996172796,1.5139505050842733e-05,0.8318407679426258,0.0019710234295952306,1.0886430740356445
317,1.1454747080486714,1.1412683997293367,1.6271606774770484e-05,0.8327209660165822,0.004105685605786108,1.0885292291641235
318,1.1452872120733286,1.1411044983395846,1.735207255338677e-05,0.8336224348854956,0.0012865116621648019,1.0884126424789429
319,1.145127482692506,1.1409323923783845,2.115776685399401e-05,0.834469356650699,0.0020600548943514574,1.0882995128631592
320,1.1449678642996426,1.1407621694180314,2.6390777238690803e-05,0.8352743433072016,0.002669796834856368,1.088182806968689
321,1.1448003625996233,1.140590398317939,3.310908333340156e-05,0.8360551015451669,0.0026356001454884118,1.088073492050171
322,1.144657279199251,1.1404241228609566,4.072170427460619e-05,0.83683573598887,0.004488606454275884,1.0879608392715454
323,1.144549144990248,1.1402662635165752,3.639354355730102e-05,0.837773912623327,0.009037420443498187,1.0878632068634033
324,1.144414368295543,1.1401282359181413,2.30151926374896e-05,0.8388397037508634,0.008964024765468858,1.087764024734497
325,1.14420066841085,1.1399829877782564,1.379430320824741e-05,0.8398757126350301,0.0016931616236450797,1.0876567363739014
326,1.144083687576122,1.1398289292181203,1.266133367077096e-05,0.8407707481548704,0.004964930273790718,1.0875518321990967
327,1.1439048434442172,1.1396781146052029,1.1607084992760672e-05,0.8416613974368857,0.001725512729038729,1.0874450206756592
328,1.1437412086152905,1.1395205354184623,1.3024730629418888e-05,0.8424868025577353,0.00069370458213815,1.0873414278030396
329,1.1435977138321975,1.1393587288869154,1.6825881527682128e-05,0.8432774410956102,0.0020898789839339823,1.0872360467910767
330,1.143443513928421,1.139200578001513,2.0941143309427623e-05,0.844058945893609,0.0020505870001968638,1.087129831314087
331,1.1432992646801694,1.1390380132103473,2.5848597484601868e-05,0.8448417352744692,0.003446336787759724,1.087023377418518
332,1.143178351519911,1.1388824947316702,3.183689662530945e-05,0.8455872693808072,0.00647207690076779,1.0869179964065552
333,1.1429894213967362,1.138727687872373,3.152236216366791e-05,0.8464434918421333,0.0026334566444767495,1.08682119846344
334,1.1428520080265379,1.1385867217807617,3.0166137280569222e-05,0.8473020107423596,0.002578199385842605,1.0867164134979248
335,1.1427100615412866,1.1384292442539325,3.514274905184952e-05,0.8480743644092064,0.003693879570176489,1.0866122245788574
336,1.1425742785241306,1.1382758985779962,4.308129713588965e-05,0.848806316245456,0.005004830457719749,1.0865098237991333
337,1.142694853345026,1.1381632851668948,1.9089852149718884e-05,0.8500218032525768,0.027955967016979454,1.0864304304122925
338,1.142343442066911,1.1380686652439027,5.09622252659887e-06,0.8511095995612107,0.0018735705588917083,1.0863215923309326
339,1.1422027150262888,1.1379243246124024,5.624829278791797e-06,0.8519305289582169,0.0018167474175264826,1.0862280130386353
340,1.142070852476975,1.13778005702426,5.136389819713247e-06,0.8527591718602876,0.0026490512657268294,1.086137294769287
341,1.1419087055507327,1.1376291614628598,5.080156786388835e-06,0.8535652108470704,0.001122811017588858,1.0860488414764404
342,1.141758787220922,1.1374786870865354,5.871640959670748e-06,0.8543374481504729,0.000782543965473287,1.0859588384628296
343,1.1416235605664848,1.13733800842528,7.065327267580879e-06,0.8551087671945202,0.0009316603050367111,1.0858594179153442
344,1.1415017966566414,1.1371901281948746,9.169569588826002e-06,0.8558649115600384,0.003145324174359204,1.085766077041626
345,1.1413366895771786,1.1370430169750587,1.0658035762992885e-05,0.8566103310420595,0.0009562091578282317,1.0856772661209106
346,1.1412085702627977,1.1369056848695487,1.3849549901805107e-05,0.8573433293587965,0.0014768285588521895,1.0855737924575806
347,1.1410685899403115,1.1367489649699285,1.971921910349939e-05,0.8580447599805635,0.0027422189875567623,1.085482120513916
348,1.140938975134326,1.136608888363016,2.486440676943194e-05,0.8587196494603346,0.0033981666686532116,1.0853909254074097
349,1.1408145949442128,1.136464338087593,3.031012625309987e-05,0.8594134500551603,0.005017233247910713,1.0852962732315063
350,1.1408494031081464,1.1363284828175917,2.8510570949228667e-05,0.8602111369608568,0.021702596864327097,1.0852175951004028
351,1.140573448148267,1.1362453844566245,6.765172807520224e-06,0.8614329823764629,0.002023459021069989,1.0851213932037354
352,1.1404701797019898,1.1361267136642093,4.9083587050481774e-06,0.8622734979862243,0.00316078053628013,1.0850309133529663
353,1.140318283667931,1.1359929159402216,4.744085082052453e-06,0.8630453597961749,0.0009672374085372496,1.0849446058273315
354,1.140198772402594,1.135856080434683,5.010900737028983e-06,0.8637945778490062,0.0023210964212564637,1.0848610401153564
355,1.1401000519330053,1.135716280823361,6.258473066421944e-06,0.8645294284947038,0.006048743258260033,1.0847740173339844
356,1.1399412310091823,1.1355865406420882,5.613039845159689e-06,0.8653106270481484,0.0027579931895537623,1.0846861600875854
357,1.1397959319602906,1.1354580093125766,5.433831419315963e-06,0.8660872365182527,0.0006934295123410893,1.0845996141433716
358,1.1396799915981546,1.1353285853363158,6.252829705926852e-06,0.8668127039383198,0.00167349850809012,1.0845156908035278
359,1.1395378691448141,1.1351921210554614,7.3806001519211826e-06,0.8675124638909054,0.0007436539717166825,1.0844323635101318
360,1.1394172657073651,1.1350604112331684,9.636496699008494e-06,0.8681874713151462,0.0014960793086601823,1.084348201751709
361,1.1392840161247657,1.1349243241848932,1.3643246672408812e-05,0.8688626381067129,0.0013966505188465277,1.0842572450637817
362,1.1391455874202738,1.1347840173807322,2.0108527968024996e-05,0.8694776190686921,0.0012167544018931746,1.0841680765151978
363,1.1390289248458902,1.1346397788834508,3.239531574775595e-05,0.8700219501867218,0.003581265268629029,1.0840805768966675
364,1.1389280241427435,1.1345048327028593,4.4058140962810025e-05,0.8705978780905828,0.006581279626788942,1.083990454673767
365,1.1388355828722845,1.1343989843398885,2.9709749281304038e-05,0.8715299946559835,0.007598480175740879,1.0839223861694336
366,1.1386800692947854,1.1342882858663401,2.0179859910092213e-05,0.8724016229417026,0.0027760610423502893,1.0838425159454346
367,1.1385483545713146,1.1341606258397394,2.324181810517478e-05,0.8730625758436694,0.0020068942600693206,1.0837584733963013
368,1.138416166805146,1.1340240001362263,3.446425863217275e-05,0.8736262419495722,0.002060265769435967,1.0836652517318726
369,1.1384454209861452,1.1338893696863392,4.663752117474466e-05,0.8742233495813466,0.01802342951690546,1.0835990905761719
370,1.1382156577287366,1.1338215267942817,1.3713801940830501e-05,0.8753980436122702,0.0015766569859451992,1.0835272073745728
371,1.1381158895138404,1.13371139274668,9.085409974263097e-06,0.8761918660184117,0.0022594683326685686,1.0834527015686035
372,1.1379885777870604,1.13359259736949,9.830278856645058e-06,0.8768592089493648,0.001069256542398735,1.0833747386932373
373,1.1378658273175795,1.1334663936250722,1.3100898532281489e-05,0.8775057081202297,0.0010581578925345835,1.0832918882369995
374,1.1377459970013848,1.1333365993727424,1.967643911511769e-05,0.8780874263702716,0.0016971514048070254,1.083207368850708
375,1.1377030188904518,1.1331992655281047,2.9714013569042164e-05,0.8786348466531667,0.010760684984931303,1.0831319093704224
376,1.1375216555532157,1.1331014645826911,2.0393922558220575e-05,0.8794679934213269,0.0020824003982727,1.0830612182617188
377,1.1374015182019546,1.1329879134656264,2.0953742917080143e-05,0.880146338705675,0.001077343699885458,1.0829800367355347
378,1.1372815705737005,1.1328512629400198,3.193697563225258e-05,0.880654083322783,0.002385335688760865,1.082897424697876
379,1.1371756439499894,1.1327166127273196,5.316741889066604e-05,0.8810769836529496,0.004832336274580906,1.0828096866607666
380,1.1370281898058379,1.1325785924016007,7.770900237551631e-05,0.8814800509723492,0.003441155569966628,1.082707405090332
381,1.1369547571996794,1.1324317860034163,0.00011989593050202981,0.8818714904848397,0.010163647286515635,1.0826358795166016
382,1.136998335942033,1.1323430746872798,8.565457772453679e-05,0.882959755883609,0.023188045698610833,1.082613229751587
383,1.1367751698278938,1.1323365409431154,1.031580511734553e-05,0.884416495773457,0.001549419543143258,1.0825444459915161
384,1.136682126503092,1.1322333613504465,7.241610734942289e-06,0.8851750530994223,0.0022189297104397644,1.082474708557129
385,1.1365836819223762,1.1321240826374024,7.342231839930027e-06,0.8858333541480553,0.0029699905943471336,1.0824029445648193
386,1.1364540019781584,1.1320117003721648,8.662212705086801e-06,0.8864785102381314,0.000904873542074455,1.082326889038086
387,1.1363408884888302,1.1318901233394836,1.2494619189560013e-05,0.8870561138704538,0.0014250770956030813,1.0822548866271973
388,1.1362657720909828,1.1317680682048241,1.8355898564080015e-05,0.8875836707869006,0.00579325480458255,1.082184076309204
389,1.1361596252304806,1.1316614299617331,1.795923362136751e-05,0.8882377599847728,0.005521337620532468,1.082114815711975
390,1.1360447466847752,1.1315649943895618,1.4289184757014653e-05,0.8889614680401526,0.0033490805161714835,1.082046627998352
391,1.1359253122572557,1.1314614407263637,1.3133490701923665e-05,0.8896292266225941,0.00144264648331265,1.081976056098938
392,1.135818104212733,1.131346557437583,1.754381023855344e-05,0.8901912878299582,0.001880346059389116,1.0819034576416016
393,1.13578908007088,1.1312300667206237,2.4421814458191657e-05,0.890722564898372,0.010296389411774215,1.0818357467651367
394,1.1356168996433997,1.1311454303384776,1.3799808767780584e-05,0.8915661916492472,0.0012270192236952058,1.081771731376648
395,1.1355125249538878,1.1310422325640206,1.4263346045105398e-05,0.8921900870629268,0.0007932434517480137,1.0817005634307861
396,1.135441123016317,1.1309254779739784,1.8309538244410753e-05,0.8927388226005696,0.005010250682228637,1.081632375717163
397,1.1353041107521766,1.130814869144551,2.591898846936114e-05,0.8932674552464674,0.0020290758582424935,1.0815563201904297
398,1.1351918241389551,1.1306889205775779,4.0890982251069926e-05,0.8936861321843904,0.0030384462835348707,1.0814779996871948
399,1.1355183228889891,1.1306374955240548,2.415016829471383e-05,0.894591762469365,0.04054717844987007,1.0813692808151245
400,1.1351934086422706,1.1306063338363201,2.884265870369714e-05,0.895324813276134,0.010755140161443136,1.0812790393829346
401,1.135007434245446,1.1304936254056126,1.2314339665587146e-05,0.8961766738474211,0.003168244220317028,1.0812902450561523
402,1.134872374547255,1.130373244576492,4.366686424576746e-06,0.8969085649723083,0.0014143716170272199,1.0812437534332275
403,1.1347755348650783,1.1302637582748576,4.571730191831625e-06,0.897492699819155,0.002385855138713163,1.081182837486267
404,1.1346803201604585,1.1301615399454255,5.330374173914047e-06,0.8980855249283485,0.0027799158681626247,1.0811185836791992
405,1.134569683188785,1.1300618876196662,5.613629715800675e-06,0.8986933387875241,0.001375822784421661,1.0810556411743164
406,1.1344620405204733,1.1299596017804638,6.710060157378446e-06,0.8992767352956675,0.0005378012405831949,1.0809928178787231
407,1.1344054301790596,1.1298605026553734,7.160401127359017e-06,0.8998624351992215,0.0044894001564160435,1.0809305906295776
408,1.134280220899405,1.1297636702459117,7.342705136027301e-06,0.9004580587227717,0.0013530136155370939,1.0808660984039307
409,1.1341839889632612,1.1296666171253518,9.085856386589595e-06,0.9010271071122875,0.0011348651076076596,1.0808004140853882
410,1.1340779758574793,1.1295529765222687,1.3404141204369538e-05,0.9015178489115889,0.0016063803580169014,1.0807396173477173
411,1.1339894735528557,1.1294521235660786,1.9839600951404742e-05,0.9019684511723506,0.0025527916286036925,1.0806692838668823
412,1.1340260847177683,1.1293478688763687,2.2766354600002646e-05,0.9025385560028116,0.016324379605201594,1.0806162357330322
413,1.133824661492669,1.1292979040575912,6.429955685032099e-06,0.9035016726751859,0.0008593746045646345,1.0805546045303345
414,1.1337442546687644,1.1292163971564497,4.007968822652908e-06,0.9041874789748964,0.0006515528958547732,1.0804920196533203
415,1.1336559300713578,1.1291264943798278,3.9117272808411825e-06,0.9047612245898664,0.0005228676676036252,1.0804362297058105
416,1.133560929437531,1.1290285868733252,4.076579037291956e-06,0.905336202297666,0.0005226659829992633,1.0803792476654053
417,1.1334668385255242,1.1289306790506175,4.770516534215289e-06,0.9058879781464999,0.0006244710283312238,1.0803216695785522
418,1.1333670451723297,1.1288291522615468,6.583294019590018e-06,0.9064118824207498,0.0005155271176274728,1.0802624225616455
419,1.133323646034423,1.1287327906813482,8.8637876610569e-06,0.9069257826008278,0.005535193201431149,1.0802034139633179
420,1.1331868902125473,1.1286426950196689,8.222353552531453e-06,0.9075207732400464,0.0005754439997213796,1.0801448822021484
421,1.1330963692551266,1.1285475198406756,1.0254320747255155e-05,0.9080448297670096,0.0007596619262616953,1.0800848007202148
422,1.1330468327360381,1.1284460932885936,1.4934120587053504e-05,0.9085156922315096,0.00566731868300955,1.0800248384475708
423,1.1329146961950813,1.1283587783337905,1.3962472390047052e-05,0.909105253946876,0.0008979163852715445,1.0799663066864014
424,1.1328417938647284,1.1282636670282096,1.8053144304367644e-05,0.9095809845456394,0.002839733759405719,1.0799037218093872
425,1.1327309674862525,1.1281617057734523,2.7464577248915954e-05,0.9099974126335164,0.0016542546483823927,1.0798379182815552
426,1.1328456016054838,1.1280816682770018,2.3383868423255368e-05,0.9106747266152176,0.020821773277259672,1.0797978639602661
427,1.132621694623001,1.1280499797917172,4.000812023319374e-06,0.9116514859528377,0.0013054357774448223,1.079736590385437
428,1.1325405165750722,1.1279640681547576,3.953049223919176e-06,0.9122088056660458,0.0015018949728577697,1.0796852111816406
429,1.1324452724633862,1.1278729606370395,4.05851715041398e-06,0.9127490397157341,0.0008172886978015946,1.0796345472335815
430,1.1323731941632946,1.127782912089907,4.9760408641768015e-06,0.9132641206053271,0.0023471594294681357,1.0795798301696777
431,1.1322688430310561,1.127684132806186,7.94269823954144e-06,0.9137235381875177,0.0015293554562225502,1.0795258283615112
432,1.1321793143249632,1.1275881993675738,1.1827726963256233e-05,0.9141683716040391,0.0019103460322969176,1.0794687271118164
433,1.132115410873049,1.1275001315286368,1.4657508265077978e-05,0.9146484070178368,0.004056330344272871,1.0794144868850708
434,1.1320175969632298,1.1274114524654115,1.577719372795371e-05,0.9151675323276368,0.002872301153041946,1.079358696937561
435,1.131913960928626,1.1273235095274543,1.9703595128025556e-05,0.9156469814973421,0.0010219060984781056,1.0792948007583618
436,1.1318128951664628,1.1272112156415175,3.9345757154201204e-05,0.9158984128613055,0.0018247294833201827,1.079223871231079
437,1.1317209584011008,1.1270785859788444,8.805157991503316e-05,0.9159864999887481,0.005362066720398971,1.0791401863098145
438,1.1317227010069222,1.126990977269585,9.702886949530972e-05,0.9164173362742052,0.013992768689462084,1.0791199207305908
439,1.131592109917962,1.1269622392932679,4.045865574427195e-05,0.9174881242314448,0.0038389261056661645,1.0790796279907227
440,1.1315206618144595,1.126884702978463,3.8455520149936256e-05,0.9180290907700435,0.004196410145195552,1.079024314880371
441,1.1314413990202885,1.126795220122097,4.502936571132653e-05,0.9184790169844893,0.004931313873500877,1.0789668560028076
442,1.131339064327412,1.1266998605955818,5.8368178715368385e-05,0.9188745287432278,0.0039000725688595594,1.0789015293121338
443,1.131314152115536,1.126630055809527,5.026113337072547e-05,0.9194634020802829,0.00817564453738828,1.0788652896881104
444,1.1312064947436913,1.1265533451060086,4.981984029573575e-05,0.9200170493884807,0.00480956485549705,1.0788068771362305
445,1.1311086820986922,1.1264517800561313,6.724630029397598e-05,0.9203527623525665,0.004840448986620343,1.0787475109100342
446,1.131036166803274,1.1263581618706175,8.51614108094012e-05,0.920727093592879,0.006584590260041026,1.0786842107772827
447,1.1310030908103963,1.1262482243444305,0.0001238560771067588,0.9209675736705567,0.013764345650351175,1.0786374807357788
448,1.1310705321220884,1.1262622560999438,3.8530245666782746e-05,0.9222168351674269,0.01933333120668904,1.0786374807357788
449,1.130882665396369,1.1262557633043284,4.553060390070465e-06,0.9234072902790748,0.0009426225380680526,1.0785696506500244
450,1.1309371962155208,1.1261865074501747,5.782251482790389e-06,0.9238775704520451,0.013074824975706842,1.078542947769165
451,1.1307368586803306,1.1260746300062388,1.0196399480071522e-05,0.9242260623673861,0.004008174770905708,1.078486680984497
452,1.1306040071998413,1.125968368679522,2.4280578227431466e-05,0.924466621496317,0.0010875003166565924,1.0784248113632202
453,1.1305361489718408,1.1258540045993715,5.4924458378631944e-05,0.9245628317724173,0.005383356556787949,1.0783555507659912
454,1.1304670822082843,1.1257733852856988,6.080296537783803e-05,0.9250036244050893,0.006260034806000573,1.0783147811889648
455,1.1303494684892244,1.1256823542895937,7.802720263821754e-05,0.925336571365832,0.0032643827779400125,1.0782374143600464
456,1.1304111319448333,1.1256068733073672,8.013167754102057e-05,0.9259192670055663,0.016666280042407267,1.078243374824524
457,1.1302550477753899,1.1256063545730448,1.738551615481697e-05,0.9270742651005955,0.0011564654023917664,1.078198790550232
458,1.1302042507050207,1.125526733992903,1.9989363410173846e-05,0.9275187193873075,0.0037901238349960517,1.0781499147415161
459,1.1301013702422933,1.1254451319140528,2.6671901514539627e-05,0.927881619342126,0.0014191485613470882,1.0780925750732422
460,1.1301597261934762,1.1253728452348584,2.6149267347710793e-05,0.928404987806983,0.014226081810270335,1.0780655145645142
461,1.1299933935033863,1.125340671058675,7.506151372151955e-06,0.929268714603758,0.0005613179453271898,1.078019618988037
462,1.1299292500518678,1.1252702689613525,7.06405426992075e-06,0.929765863665219,0.0009460056553266212,1.0779730081558228
463,1.129853840531974,1.1251893742331143,1.0164126903128246e-05,0.9301720135091787,0.0012588133280930067,1.0779249668121338
464,1.1297689594071487,1.1251006056838706,1.7414161431072316e-05,0.9304932023865474,0.0014134080626937594,1.0778709650039673
465,1.129756240060538,1.125014436339826,2.8477491172216152e-05,0.9307779829445189,0.008506157193382317,1.0778272151947021
466,1.129649319920679,1.1249598378528018,1.746767324056808e-05,0.9314478055551767,0.003049083011297741,1.0777866840362549
467,1.1295680670902646,1.1248908536187534,1.7037327745915466e-05,0.9319253287201534,0.0015874989448110288,1.077738881111145
468,1.1294912839757985,1.1248069900416569,2.615818892742746e-05,0.9322524102360247,0.0020411392678173173,1.0776792764663696
469,1.129400423414195,1.1246972838194365,5.998062465369968e-05,0.9322663918730435,0.0035803351899922706,1.077605962753296
470,1.1292973598687654,1.1245595463391007,0.00013829208024009464,0.9321631997902766,0.006318359610449216,1.077521562576294
471,1.1295136463104571,1.1245072283226236,0.00011537111807250651,0.9328448181127047,0.03306532894145075,1.0775693655014038
472,1.1293339207570812,1.1246014479300703,7.785077923713517e-06,0.9345190733750239,0.005908334097471113,1.077476978302002
473,1.129294056633107,1.1245448075491806,7.99874780944986e-06,0.9350433063443839,0.007320884288739415,1.0774707794189453
474,1.1291485462011646,1.1244595730652545,3.828618258257148e-06,0.9355704713247183,0.0010729674836595985,1.0774424076080322
475,1.1290720452996716,1.1243764775501321,5.317295969402358e-06,0.9359615674385657,0.0015219388475156185,1.0774027109146118
476,1.1289998647072588,1.1243016988592376,8.217701793061053e-06,0.9363305785295502,0.0015664383161020038,1.077357530593872
477,1.1289322053722108,1.124226871156566,1.1639088794597444e-05,0.9367014109614041,0.0020651658005686933,1.0773130655288696
478,1.1288456553173318,1.124149721244286,1.674182388267374e-05,0.9370445541108635,0.0009017313826848958,1.0772619247436523
479,1.1287714635029396,1.1240558734939332,3.440526833380429e-05,0.937206403013882,0.002611041931530883,1.077204942703247
480,1.1299892293995824,1.124098775241356,9.349528485187878e-05,0.9377593630504861,0.11922947051428476,1.0768423080444336
481,1.1287303189067688,1.1240132607578914,1.6554396329085566e-05,0.9386484660899924,0.002215642306029757,1.0771558284759521
482,1.1285829028653214,1.1238630912031988,4.4842854650061e-05,0.9384854673074474,0.002289589500488264,1.077066421508789
483,1.1285407770849982,1.1237238800494045,0.00016455846268619443,0.9377657377435294,0.011161865555960437,1.0769898891448975
484,1.1285513712177226,1.1236897552045018,0.00010518774696110006,0.9386430229369146,0.01578932264838848,1.0770184993743896
485,1.1284728941930067,1.1237010367669225,1.8422355367570874e-05,0.9401703067420332,0.006916345377046299,1.0769962072372437
486,1.128382815606398,1.1236615307451243,7.715017282749006e-06,0.9408371111758508,0.001633161054683271,1.0769579410552979
487,1.1283107341442564,1.123596479152811,7.034488179735143e-06,0.9413080096877222,0.00070128662049133,1.0769165754318237
488,1.128246949427324,1.123531358627805,8.82806929396115e-06,0.9416902732469675,0.0006288116135750589,1.0768731832504272
489,1.1281929376586994,1.1234606675191015,1.162175495262117e-05,0.9420536601575047,0.002080404934280648,1.0768324136734009
490,1.1281310615552198,1.1233935267602733,1.526150368465159e-05,0.9424024069340855,0.0024002796796765624,1.0767912864685059
491,1.128057887446659,1.1233245886921566,1.884524531197382e-05,0.9427560539397384,0.0017620709123193664,1.0767470598220825
492,1.1279870369706293,1.1232545970289398,2.4834438531357515e-05,0.9430758396573661,0.0014590944988135525,1.0766997337341309
493,1.1279089749649918,1.123170873056356,4.065708483526711e-05,0.943279806593685,0.0017640582773407096,1.0766478776931763
494,1.1279375796608964,1.1231159926725636,3.9361221137012244e-05,0.9436725730605088,0.00992892509349807,1.0766268968582153
495,1.1279846240101823,1.1231000426593447,1.2385058162373935e-05,0.9445781280886906,0.016045097707527125,1.0766103267669678
496,1.1278027868397356,1.1230654602657895,2.2866942373939527e-06,0.9453650097948171,0.0010270093563346276,1.0765684843063354
497,1.1277431844083954,1.1230098861282005,1.8710596536863851e-06,0.9458175088113435,0.0004004874478671107,1.0765310525894165
498,1.1276842706715713,1.1229472748480678,1.918709541626266e-06,0.9462357569752701,0.0005605086176724122,1.076494812965393
499,1.1276272257063686,1.1228872284648905,2.280261693102447e-06,0.9466274869220642,0.0006622680613742671,1.0764597654342651
500,1.1275672545799842,1.1228233594793224,2.7459864698349263e-06,0.947018052918209,0.0008525701643631706,1.0764223337173462
