url,reason,label
https://prod.danawa.com/info/?pcode=123590610,missing_evidence_cache_or_result,genuine
https://prod.danawa.com/info/?pcode=41600732,missing_evidence_cache_or_result,genuine
https://prod.danawa.com/info/?pcode=105181526,missing_evidence_cache_or_result,washing
https://prod.danawa.com/info/?pcode=15800990,missing_evidence_cache_or_result,suspicious
https://prod.danawa.com/info/?pcode=15800732,missing_evidence_cache_or_result,suspicious
https://prod.danawa.com/info/?pcode=39504872,missing_evidence_cache_or_result,suspicious
https://prod.danawa.com/info/?pcode=15800837,missing_evidence_cache_or_result,suspicious
https://prod.danawa.com/info/?pcode=75464132,missing_evidence_cache_or_result,genuine
https://prod.danawa.com/info/?pcode=67509095,missing_evidence_cache_or_result,genuine
https://prod.danawa.com/info/?pcode=14017508,missing_evidence_cache_or_result,genuine
https://prod.danawa.com/info/?pcode=78234203,missing_evidence_cache_or_result,genuine
https://prod.danawa.com/info/?pcode=96650003,missing_evidence_cache_or_result,genuine
https://prod.danawa.com/info/?pcode=96985736,missing_evidence_cache_or_result,genuine
https://prod.danawa.com/info/?pcode=66139412,missing_evidence_cache_or_result,genuine
https://prod.danawa.com/info/?pcode=93806048,missing_evidence_cache_or_result,genuine
https://prod.danawa.com/info/?pcode=99895748,missing_evidence_cache_or_result,genuine
https://prod.danawa.com/info/?pcode=20359253,missing_evidence_cache_or_result,genuine
https://prod.danawa.com/info/?pcode=89533862,missing_evidence_cache_or_result,washing
https://prod.danawa.com/info/?pcode=85610618,missing_evidence_cache_or_result,suspicious
https://prod.danawa.com/info/?pcode=107771687,missing_evidence_cache_or_result,suspicious
https://prod.danawa.com/info/?pcode=17285657,missing_evidence_cache_or_result,genuine
https://prod.danawa.com/info/?pcode=13304852,missing_evidence_cache_or_result,genuine
https://prod.danawa.com/info/?pcode=44218067,missing_evidence_cache_or_result,suspicious
https://prod.danawa.com/info/?pcode=38944547,missing_evidence_cache_or_result,suspicious
https://prod.danawa.com/info/?pcode=72979010,missing_evidence_cache_or_result,suspicious
https://prod.danawa.com/info/?pcode=88132001,missing_evidence_cache_or_result,suspicious
https://prod.danawa.com/info/?pcode=54483440,missing_evidence_cache_or_result,genuine
https://prod.danawa.com/info/?pcode=90116270,missing_evidence_cache_or_result,suspicious
https://prod.danawa.com/info/?pcode=19362551,missing_evidence_cache_or_result,suspicious
https://prod.danawa.com/info/?pcode=97567778,missing_evidence_cache_or_result,washing
https://prod.danawa.com/info/?pcode=92355704,missing_evidence_cache_or_result,suspicious
https://prod.danawa.com/info/?pcode=19488524,missing_evidence_cache_or_result,suspicious
https://prod.danawa.com/info/?pcode=86152019,missing_evidence_cache_or_result,suspicious
https://prod.danawa.com/info/?pcode=19488287,missing_evidence_cache_or_result,suspicious
https://prod.danawa.com/info/?pcode=122663136,missing_evidence_cache_or_result,washing
